{
  "metadata": {
    "filename": "SA-31.pdf",
    "file_size": 7160,
    "page_count": 1,
    "timestamp": "2024-12-06T17:11:33.216682"
  },
  "analysis": {
    "style_metrics": {
      "complexity": {
        "score": 29.11,
        "level": "High",
        "components": {
          "vocabulary_contribution": 0.14,
          "syntax_contribution": 22.24,
          "readability_contribution": 6.73
        }
      },
      "consistency": {
        "score": 0,
        "level": "Low"
      },
      "classification": "Complex and Variable"
    },
    "writing_patterns": {
      "vocabulary_usage": "Moderate",
      "sentence_structure": "Complex",
      "text_organization": "Loosely Structured"
    },
    "summary_metrics": {
      "readability": {
        "score": 0.0,
        "interpretation": "Very Difficult to Read"
      },
      "vocabulary": {
        "score": 0.35,
        "interpretation": "Basic"
      },
      "structure": {
        "score": 0.22,
        "interpretation": "Somewhat Disorganized"
      }
    },
    "recommendations": [
      "Consider simplifying sentence structure for better readability",
      "Try incorporating more varied vocabulary while maintaining clarity",
      "Work on organizing content with clearer paragraph structure",
      "Consider breaking down complex ideas into simpler components",
      "Try to maintain more consistent paragraph lengths and structure"
    ]
  },
  "features": {
    "lexical": {
      "avg_word_length": 4.476047904191617,
      "vocabulary_richness": 0.34550898203592817,
      "type_token_ratio": 0.34550898203592817,
      "hapax_ratio": 0.2149700598802395,
      "char_diversity": 0.002952755905511811,
      "word_length_variance": 5.845833482735129,
      "unique_words_ratio": 0.34550898203592817,
      "punctuation_ratio": 0.0,
      "freq_t": 0.08923884514435695,
      "freq_h": 0.035979877515310586,
      "freq_e": 0.09055118110236221,
      "freq_r": 0.047025371828521435,
      "freq_s": 0.0542432195975503,
      "freq_a": 0.06036745406824147,
      "freq_l": 0.03521434820647419,
      "freq_o": 0.07370953630796151,
      "freq_w": 0.013560804899387576,
      "freq_i": 0.059383202099737534,
      "freq_n": 0.056321084864391954,
      "freq_b": 0.010170603674540682,
      "freq_u": 0.030183727034120734,
      "freq_y": 0.023403324584426947,
      "freq_d": 0.021434820647419073,
      "freq_m": 0.01990376202974628,
      "freq_c": 0.020231846019247594,
      "freq_k": 0.008202099737532808,
      "freq_f": 0.016622922134733157,
      "freq_v": 0.013560804899387576,
      "freq_p": 0.01531058617672791,
      "freq_z": 0.0005468066491688539,
      "freq_g": 0.01848206474190726,
      "freq_q": 0.0013123359580052493,
      "freq_j": 0.0010936132983377078,
      "freq_x": 0.0014216972878390202
    },
    "syntactic": {
      "avg_sentence_length": 341.6,
      "sentence_complexity": 55.6,
      "avg_parse_tree_depth": 19.4,
      "parse_tree_breadth": 11.0,
      "syntactic_diversity": 0.06206088992974239,
      "subordinate_clause_ratio": 0.10831381733021077,
      "function_word_ratio": 0.47892271662763464,
      "pos_pron": 0.11358313817330211,
      "pos_verb": 0.16276346604215455,
      "pos_det": 0.08782201405152225,
      "pos_noun": 0.186768149882904,
      "pos_adp": 0.09250585480093677,
      "pos_aux": 0.06908665105386416,
      "pos_sconj": 0.0351288056206089,
      "pos_cconj": 0.03044496487119438,
      "pos_part": 0.05035128805620609,
      "pos_adv": 0.07084309133489461,
      "pos_adj": 0.08489461358313817,
      "pos_propn": 0.004098360655737705,
      "pos_num": 0.006440281030444965,
      "pos_intj": 0.002927400468384075,
      "pos_x": 0.00234192037470726,
      "dep_expl": 0.00351288056206089,
      "dep_root": 0.002927400468384075,
      "dep_det": 0.08548009367681499,
      "dep_attr": 0.012295081967213115,
      "dep_acl": 0.00585480093676815,
      "dep_prep": 0.07903981264637003,
      "dep_dobj": 0.07259953161592506,
      "dep_nsubj": 0.10187353629976581,
      "dep_aux": 0.07142857142857142,
      "dep_pcomp": 0.01288056206088993,
      "dep_advmod": 0.08548009367681499,
      "dep_advcl": 0.029859484777517563,
      "dep_cc": 0.029859484777517563,
      "dep_neg": 0.01990632318501171,
      "dep_conj": 0.039227166276346606,
      "dep_acomp": 0.01522248243559719,
      "dep_amod": 0.06381733021077284,
      "dep_pobj": 0.06323185011709602,
      "dep_relcl": 0.026346604215456676,
      "dep_dep": 0.002927400468384075,
      "dep_compound": 0.019320843091334895,
      "dep_ccomp": 0.043911007025761124,
      "dep_xcomp": 0.028688524590163935,
      "dep_poss": 0.015807962529274005,
      "dep_mark": 0.0234192037470726,
      "dep_prt": 0.01053864168618267,
      "dep_intj": 0.00117096018735363,
      "dep_appos": 0.001756440281030445,
      "dep_nmod": 0.002927400468384075,
      "dep_nummod": 0.005269320843091335,
      "dep_auxpass": 0.00585480093676815,
      "dep_nsubjpass": 0.00702576112412178,
      "dep_csubj": 0.002927400468384075,
      "dep_npadvmod": 0.00351288056206089,
      "dep_preconj": 0.000585480093676815,
      "dep_predet": 0.001756440281030445,
      "dep_quantmod": 0.000585480093676815,
      "dep_agent": 0.00117096018735363
    },
    "structural": {
      "avg_paragraph_length": 9144.0,
      "paragraph_length_variance": 0.0,
      "paragraph_count": 1,
      "text_density": 0.8174759405074365,
      "whitespace_ratio": 0.18252405949256342,
      "line_break_frequency": 0.0,
      "sentence_length_variance": 0.0,
      "avg_sentences_per_paragraph": 1.0,
      "structure_consistency": 0
    },
    "readability": {
      "flesch_reading_ease": -1611.518233532934,
      "flesch_kincaid_grade": 652.9083233532934,
      "gunning_fog": 673.0778443113772,
      "smog_index": 86.30794129993635,
      "automated_readability_index": 834.6521856287426,
      "average_syllables_per_word": 1.4574850299401199,
      "complex_word_ratio": 0.12694610778443113
    }
  }
}