{
  "metadata": {
    "filename": "Test 2.pdf",
    "file_size": 60274,
    "page_count": 1,
    "timestamp": "2024-12-07T22:48:09.540818"
  },
  "analysis": {
    "style_metrics": {
      "complexity": {
        "score": 25.37,
        "level": "High",
        "components": {
          "vocabulary_contribution": 0.17,
          "syntax_contribution": 23.6,
          "readability_contribution": 1.6
        }
      },
      "consistency": {
        "score": 0,
        "level": "Low"
      },
      "classification": "Complex and Variable"
    },
    "writing_patterns": {
      "vocabulary_usage": "Moderate",
      "sentence_structure": "Complex",
      "text_organization": "Loosely Structured"
    },
    "summary_metrics": {
      "readability": {
        "score": 0.0,
        "interpretation": "Very Difficult to Read"
      },
      "vocabulary": {
        "score": 0.43,
        "interpretation": "Balanced"
      },
      "structure": {
        "score": 0.2,
        "interpretation": "Somewhat Disorganized"
      }
    },
    "recommendations": [
      "Consider simplifying sentence structure for better readability",
      "Work on organizing content with clearer paragraph structure",
      "Consider breaking down complex ideas into simpler components",
      "Try to maintain more consistent paragraph lengths and structure"
    ]
  },
  "features": {
    "lexical": {
      "avg_word_length": 4.919060052219321,
      "vocabulary_richness": 0.4308093994778068,
      "type_token_ratio": 0.4308093994778068,
      "hapax_ratio": 0.24804177545691905,
      "char_diversity": 0.01147396293027361,
      "word_length_variance": 8.131829925897646,
      "unique_words_ratio": 0.4308093994778068,
      "punctuation_ratio": 0.0,
      "freq_b": 0.014563106796116505,
      "freq_r": 0.061341571050308914,
      "freq_e": 0.11165048543689321,
      "freq_a": 0.05472197705207414,
      "freq_d": 0.032215357458075904,
      "freq_t": 0.07413945278022947,
      "freq_h": 0.0353045013239188,
      "freq_f": 0.018093556928508385,
      "freq_i": 0.05736981465136805,
      "freq_s": 0.05913503971756399,
      "freq_c": 0.02736098852603707,
      "freq_l": 0.0264783759929391,
      "freq_g": 0.020741394527802295,
      "freq_o": 0.06310679611650485,
      "freq_m": 0.014563106796116505,
      "freq_n": 0.050750220653133275,
      "freq_u": 0.029567519858781994,
      "freq_v": 0.01412180052956752,
      "freq_p": 0.026037069726390114,
      "freq_x": 0.00529567519858782,
      "freq_w": 0.009267431597528684,
      "freq_y": 0.009267431597528684,
      "freq_k": 0.0048543689320388345,
      "freq_z": 0.00264783759929391,
      "freq_q": 0.0088261253309797
    },
    "syntactic": {
      "avg_sentence_length": 383.0,
      "sentence_complexity": 59.0,
      "avg_parse_tree_depth": 19.0,
      "parse_tree_breadth": 14.0,
      "syntactic_diversity": 0.1566579634464752,
      "subordinate_clause_ratio": 0.0835509138381201,
      "function_word_ratio": 0.3681462140992167,
      "pos_adj": 0.06788511749347259,
      "pos_noun": 0.3133159268929504,
      "pos_propn": 0.07571801566579635,
      "pos_aux": 0.044386422976501305,
      "pos_det": 0.10966057441253264,
      "pos_adp": 0.10443864229765012,
      "pos_verb": 0.15404699738903394,
      "pos_cconj": 0.02349869451697128,
      "pos_pron": 0.031331592689295036,
      "pos_adv": 0.015665796344647518,
      "pos_sconj": 0.028720626631853787,
      "pos_part": 0.02610966057441253,
      "pos_punct": 0.0026109660574412533,
      "pos_x": 0.0026109660574412533,
      "dep_amod": 0.0835509138381201,
      "dep_compound": 0.14360313315926893,
      "dep_nsubj": 0.05483028720626632,
      "dep_root": 0.0026109660574412533,
      "dep_det": 0.1122715404699739,
      "dep_attr": 0.015665796344647518,
      "dep_prep": 0.10182767624020887,
      "dep_pcomp": 0.018276762402088774,
      "dep_cc": 0.02349869451697128,
      "dep_conj": 0.0391644908616188,
      "dep_pobj": 0.08616187989556136,
      "dep_relcl": 0.028720626631853787,
      "dep_dobj": 0.0731070496083551,
      "dep_advmod": 0.015665796344647518,
      "dep_prt": 0.0026109660574412533,
      "dep_auxpass": 0.013054830287206266,
      "dep_ccomp": 0.020887728459530026,
      "dep_aux": 0.02610966057441253,
      "dep_advcl": 0.04177545691906005,
      "dep_appos": 0.0026109660574412533,
      "dep_mark": 0.02610966057441253,
      "dep_neg": 0.007832898172323759,
      "dep_nmod": 0.02349869451697128,
      "dep_nsubjpass": 0.007832898172323759,
      "dep_xcomp": 0.010443864229765013,
      "dep_agent": 0.0026109660574412533,
      "dep_acl": 0.010443864229765013,
      "dep_poss": 0.0026109660574412533,
      "dep_acomp": 0.0026109660574412533
    },
    "structural": {
      "avg_paragraph_length": 2266.0,
      "paragraph_length_variance": 0.0,
      "paragraph_count": 1,
      "text_density": 0.8314210061782877,
      "whitespace_ratio": 0.16857899382171226,
      "line_break_frequency": 0.0,
      "sentence_length_variance": 0.0,
      "avg_sentences_per_paragraph": 1.0,
      "structure_consistency": 0
    },
    "readability": {
      "flesch_reading_ease": -317.0932898172323,
      "flesch_kincaid_grade": 152.63535248041777,
      "gunning_fog": 159.67519582245433,
      "smog_index": 48.11130914984056,
      "automated_readability_index": 193.238772845953,
      "average_syllables_per_word": 1.597911227154047,
      "complex_word_ratio": 0.1618798955613577
    }
  }
}